physpreset,barrel_metal
physpreset,bottle_plastic
physpreset,plastic_case_big
physpreset,weapon_clip_empty
xanim,ai_zombie_attack_v1
xanim,ai_zombie_quad_attack
xanim,ai_zombie_quad_crawl
xanim,ai_zombie_quad_crawl_sprint
xanim,ai_zombie_quad_idle
xanim,ai_zombie_sprint_v4
xanim,boss_jump
xanim,death_stand_dropinplace
xanim,german_shepherd_death_front
xanim,german_shepherd_run
xanim,german_shepherd_run_attack
xanim,german_shepherd_sitting_looking_idle
xanim,hunted_dazed_walk_a_zombie
xanim,noweapon
xanim,pb_minigun_crouch_idle
xanim,pb_minigun_crouch_run_back
xanim,pb_minigun_crouch_run_forward
xanim,pb_minigun_crouch_turn_90left
xanim,pb_minigun_crouch_turn_90right
xanim,pb_minigun_runjump_takeoff
xanim,pb_minigun_stand_idle
xanim,pb_minigun_stand_run
xanim,pb_minigun_stand_run_back
xanim,pb_minigun_stand_turn_90left
xanim,pb_minigun_stand_turn_90right
xanim,pb_minigun_stand_walk
xanim,pb_minigun_stand_walk_back
xanim,pb_minigun_standjump_takeoff
xanim,pt_flamethrower_crouch_fire_center
xanim,pt_flamethrower_fire_center
xanim,pt_minigun_crouch_fire
xanim,pt_minigun_crouch_flinch_back
xanim,pt_minigun_crouch_flinch_forward
xanim,pt_minigun_crouch_flinch_left
xanim,pt_minigun_crouch_flinch_right
xanim,pt_minigun_crouch_putaway
xanim,pt_minigun_crouch_raise
xanim,pt_minigun_stand_fire
xanim,pt_minigun_stand_flinch_back
xanim,pt_minigun_stand_flinch_forward
xanim,pt_minigun_stand_flinch_left
xanim,pt_minigun_stand_flinch_right
xanim,pt_minigun_stand_putaway
xanim,pt_minigun_stand_raise
xanim,standunarmed_idle_loop
xanim,unarmed_panickedrun_loop_v1
xanim,viewmodel_aa12_ads_down
xanim,viewmodel_aa12_ads_up
xanim,viewmodel_aa12_fire
xanim,viewmodel_aa12_fire_ads
xanim,viewmodel_aa12_idle
xanim,viewmodel_aa12_pullout
xanim,viewmodel_aa12_pullout_quick
xanim,viewmodel_aa12_putaway
xanim,viewmodel_aa12_putaway_quick
xanim,viewmodel_aa12_reload
xanim,viewmodel_aa12_reload_empty
xanim,viewmodel_aa12_sprint_in
xanim,viewmodel_aa12_sprint_loop
xanim,viewmodel_aa12_sprint_out
xanim,viewmodel_aug_ads_down
xanim,viewmodel_aug_ads_fire
xanim,viewmodel_aug_ads_up
xanim,viewmodel_aug_fire
xanim,viewmodel_aug_idle
xanim,viewmodel_aug_pullout
xanim,viewmodel_aug_putaway
xanim,viewmodel_aug_reload
xanim,viewmodel_aug_sprint_in
xanim,viewmodel_aug_sprint_loop
xanim,viewmodel_aug_sprint_out
xanim,viewmodel_crossbow_ads_down
xanim,viewmodel_crossbow_ads_up
xanim,viewmodel_crossbow_empty_pullout
xanim,viewmodel_crossbow_empty_putaway
xanim,viewmodel_crossbow_fire
xanim,viewmodel_crossbow_idle
xanim,viewmodel_crossbow_idle_empty
xanim,viewmodel_crossbow_pullout
xanim,viewmodel_crossbow_putaway
xanim,viewmodel_crossbow_reload
xanim,viewmodel_crossbow_sprint_in
xanim,viewmodel_crossbow_sprint_loop
xanim,viewmodel_crossbow_sprint_out
xanim,viewmodel_flamethrower_ads_down
xanim,viewmodel_flamethrower_ads_up
xanim,viewmodel_flamethrower_fire
xanim,viewmodel_flamethrower_idle
xanim,viewmodel_flamethrower_pullout
xanim,viewmodel_flamethrower_pullout_fast
xanim,viewmodel_flamethrower_putaway
xanim,viewmodel_flamethrower_putaway_fast
xanim,viewmodel_g36_scope_ads_down
xanim,viewmodel_g36_scope_ads_up
xanim,viewmodel_intervention_ads_down
xanim,viewmodel_intervention_ads_up
xanim,viewmodel_intervention_bolt
xanim,viewmodel_intervention_fire
xanim,viewmodel_intervention_idle
xanim,viewmodel_intervention_pullout
xanim,viewmodel_intervention_putaway
xanim,viewmodel_intervention_reload
xanim,viewmodel_intervention_sprint_in
xanim,viewmodel_intervention_sprint_loop
xanim,viewmodel_intervention_sprint_out
xanim,viewmodel_m4m203_ads_fire
xanim,viewmodel_m4m203silencer_reflex_ads_down
xanim,viewmodel_m4m203silencer_reflex_ads_up
xanim,viewmodel_minigun_fire
xanim,viewmodel_minigun_idle
xanim,viewmodel_minigun_pullout
xanim,viewmodel_minigun_putaway
xanim,viewmodel_minigun_sprint_in
xanim,viewmodel_minigun_sprint_loop
xanim,viewmodel_minigun_sprint_out
xanim,viewmodel_mw2_f2000_acog_ads_down
xanim,viewmodel_mw2_f2000_acog_ads_up
xanim,viewmodel_mw2_f2000_ads_down
xanim,viewmodel_mw2_f2000_ads_fire
xanim,viewmodel_mw2_f2000_ads_up
xanim,viewmodel_mw2_f2000_fire
xanim,viewmodel_mw2_f2000_idle
xanim,viewmodel_mw2_f2000_pullout
xanim,viewmodel_mw2_f2000_pullout_first
xanim,viewmodel_mw2_f2000_putaway
xanim,viewmodel_mw2_f2000_reload
xanim,viewmodel_mw2_f2000_reload_empty
xanim,viewmodel_mw2_f2000_scope_ads_down
xanim,viewmodel_mw2_f2000_scope_ads_up
xanim,viewmodel_mw2_f2000_sprint_in
xanim,viewmodel_mw2_f2000_sprint_loop
xanim,viewmodel_mw2_f2000_sprint_out
xanim,viewmodel_mw2_spas12_ads_down
xanim,viewmodel_mw2_spas12_ads_fire
xanim,viewmodel_mw2_spas12_ads_rechamber
xanim,viewmodel_mw2_spas12_ads_up
xanim,viewmodel_mw2_spas12_fire
xanim,viewmodel_mw2_spas12_grip_ads_down
xanim,viewmodel_mw2_spas12_grip_ads_fire
xanim,viewmodel_mw2_spas12_grip_ads_rechamber
xanim,viewmodel_mw2_spas12_grip_ads_up
xanim,viewmodel_mw2_spas12_grip_fire
xanim,viewmodel_mw2_spas12_grip_idle
xanim,viewmodel_mw2_spas12_grip_pullout
xanim,viewmodel_mw2_spas12_grip_pullout_quick
xanim,viewmodel_mw2_spas12_grip_putaway
xanim,viewmodel_mw2_spas12_grip_putaway_quick
xanim,viewmodel_mw2_spas12_grip_rechamber
xanim,viewmodel_mw2_spas12_grip_reload_in
xanim,viewmodel_mw2_spas12_grip_reload_loop
xanim,viewmodel_mw2_spas12_grip_reload_out
xanim,viewmodel_mw2_spas12_grip_sprint_in
xanim,viewmodel_mw2_spas12_grip_sprint_loop
xanim,viewmodel_mw2_spas12_grip_sprint_out
xanim,viewmodel_mw2_spas12_idle
xanim,viewmodel_mw2_spas12_pullout
xanim,viewmodel_mw2_spas12_pullout_quick
xanim,viewmodel_mw2_spas12_putaway
xanim,viewmodel_mw2_spas12_putaway_quick
xanim,viewmodel_mw2_spas12_rechamber
xanim,viewmodel_mw2_spas12_reflex_ads_down
xanim,viewmodel_mw2_spas12_reflex_ads_up
xanim,viewmodel_mw2_spas12_reload_in
xanim,viewmodel_mw2_spas12_reload_loop
xanim,viewmodel_mw2_spas12_reload_out
xanim,viewmodel_mw2_spas12_sprint_in
xanim,viewmodel_mw2_spas12_sprint_loop
xanim,viewmodel_mw2_spas12_sprint_out
xanim,viewmodel_ray_gun_ads_down
xanim,viewmodel_ray_gun_ads_up
xanim,viewmodel_ray_gun_drop
xanim,viewmodel_ray_gun_fire
xanim,viewmodel_ray_gun_idle
xanim,viewmodel_ray_gun_raise
xanim,viewmodel_ray_gun_reload
xanim,viewmodel_tesla_ads_down
xanim,viewmodel_tesla_ads_fire
xanim,viewmodel_tesla_ads_up
xanim,viewmodel_tesla_fire
xanim,viewmodel_tesla_first_raise
xanim,viewmodel_tesla_idle
xanim,viewmodel_tesla_pullout
xanim,viewmodel_tesla_pullout_fast
xanim,viewmodel_tesla_putaway
xanim,viewmodel_tesla_putaway_fast
xanim,viewmodel_tesla_reload
xanim,viewmodel_tomahawk_attack
xanim,viewmodel_tomahawk_attack2
xanim,viewmodel_tomahawk_idle
xanim,viewmodel_tomahawk_pullout
xanim,viewmodel_tomahawk_putaway
xanim,viewmodel_tomahawk_sprint_in
xanim,viewmodel_tomahawk_sprint_loop
xanim,viewmodel_tomahawk_sprint_out
xmodel,ad_sodamachine
xmodel,ammobox
xmodel,bo_quad
xmodel,body_complete_sp_russian_farmer
xmodel,body_complete_sp_vip
xmodel,body_complete_sp_zakhaevs_son
xmodel,body_hellknight
xmodel,body_mp_opforce_support
xmodel,body_mp_usmc_grenadier
xmodel,body_mp_usmc_rifleman
xmodel,body_mp_usmc_sniper
xmodel,body_mp_usmc_support
xmodel,body_mp_usmc_woodland_assault
xmodel,body_mp_usmc_woodland_recon
xmodel,body_mp_usmc_woodland_sniper
xmodel,body_mp_usmc_woodland_specops
xmodel,body_mp_usmc_woodland_support
xmodel,bx_medkit
xmodel,bx_teleporter
xmodel,ch_tombstone3
xmodel,com_barrel_benzin
xmodel,com_barrel_biohazard
xmodel,com_barrel_blue_rust
xmodel,com_barrel_metal
xmodel,com_bottle4
xmodel,com_plasticcase_green_big
xmodel,cyclops
xmodel,flamethrower_viewmodel
xmodel,fx_shotgun_shell
xmodel,german_sheperd_dog
xmodel,head_mp_usmc_ghillie
xmodel,head_sp_opforce_derik_body_f
xmodel,head_sp_opforce_geoff_headset_body_c
xmodel,head_sp_sas_woodland_hugh
xmodel,head_sp_sas_woodland_mac
xmodel,head_sp_sas_woodland_peter
xmodel,head_sp_sas_woodland_todd
xmodel,head_sp_spetsnaz_collins_vladbody
xmodel,head_sp_usmc_sami_goggles_zach_body
xmodel,head_sp_usmc_zach_zach_body_goggles
xmodel,izmb_zombie1_body
xmodel,izmb_zombie2_body
xmodel,izmb_zombie2_head
xmodel,izmb_zombie3
xmodel,mw2_intervention_vm
xmodel,mw2_intervention_wm
xmodel,mw2_mp5k_viewmodel
xmodel,mw2_mp5k_worldmodel
xmodel,mw2_mp5k_worldmodel_silencer
xmodel,mw2_sentry_turret
xmodel,mw3_sentry_gl_base
xmodel,mw3_sentry_gl_turret
xmodel,projectile_tag
xmodel,raygun_viewmodel
xmodel,tesla_viewmodel
xmodel,viewmodel_aug
xmodel,viewmodel_bo_minigun
xmodel,viewmodel_crossbow_mp
xmodel,viewmodel_g36c
xmodel,viewmodel_m21sd
xmodel,viewmodel_m4m203_silencer_reflex
xmodel,viewmodel_mw2_f2000_mp
xmodel,viewmodel_mw2_spas12_mp
xmodel,viewmodel_p90_silencer
xmodel,viewmodel_thundergun
xmodel,vm_mw3_aa12
xmodel,weapon_aug
xmodel,weapon_bo_tomahawk
xmodel,weapon_bo_tomahawk_wm
xmodel,weapon_bo_tomahawk_wm_knife
xmodel,weapon_crossbow_1
xmodel,weapon_crossbow_viewhands
xmodel,weapon_flamethrower
xmodel,weapon_g36
xmodel,weapon_m21sd_woodland
xmodel,weapon_m4gre_sp_silencer_reflex
xmodel,weapon_m60_clip
xmodel,weapon_minigun
xmodel,weapon_mw2_f2000_acog_mp
xmodel,weapon_mw2_f2000_mp
xmodel,weapon_mw2_f2000_scope_mp
xmodel,weapon_mw2_f2000_silencer_mp
xmodel,weapon_mw2_spas12_grip_mp
xmodel,weapon_mw2_spas12_mp
xmodel,weapon_mw2_spas12_reflex_mp
xmodel,weapon_mw2_spas12_silencer_mp
xmodel,weapon_p90_sd
xmodel,weapon_raygun
xmodel,weapon_saw_mg_setup
xmodel,weapon_tesla
xmodel,wm_mw3_aa12
xmodel,worldmodel_bo_minigun
xmodel,worldmodel_thundergun
material,animbg_back
material,animbg_blur_back
material,animbg_blur_fogscroll
material,animbg_blur_front
material,animbg_fogscroll
material,animbg_fogscrollthin
material,animbg_front
material,animbg_front2
material,button_highlight_end
material,bx_medkit_skin
material,bx_teleporter_edge
material,bx_teleporter_energy
material,bx_teleporter_main
material,bx_teleporter_pad
material,bx_teleporter_transparency
material,cloud_outdoor
material,compass_map_default
material,compass_waypoint_kill
material,compassping_enemy
material,compassping_friendly
material,compassping_player
material,gfx/reticle/mg42_cross.tga
material,gfx_bloodburst06_atlas
material,gfx_debris_conc
material,gfx_dirtchunks_out
material,gfx_distortion_heat
material,gfx_distortion_heat_far
material,gfx_distortion_shc_wave
material,gfx_exp_fireball_atlas
material,gfx_exp_igc
material,gfx_explosion_flash
material,gfx_fire_ball
material,gfx_fire_fuel
material,gfx_fire_patch_ember_bga
material,gfx_fire_patch_pm
material,gfx_fire_roar_pm
material,gfx_glow_hs
material,gfx_glow_org
material,gfx_lightning
material,gfx_lightning_atlas
material,gfx_smk_white_atlas
material,gfx_smk_white_atlas_add
material,gfx_smokepuff_atlas
material,gfx_snow_sheet_add
material,gfx_spark_atlas
material,gfx_spark_rndhit_64
material,gfx_spark_rndhit_atlas
material,gfx_spotlight_beam
material,gfx_spotlight_lensflare
material,gfx_spotlight_lensflare_glwz20
material,gfx_spotlight_lensflare_glwz20_eye10
material,gfx_spotlight_lensflare_rainbow_z5
material,gfx_spotlight_lensflare_rainbow_z5_godray
material,gfx_spotlight_lensflare_z80
material,gfx_starburst_1p
material,gfx_sun_flare_toujane
material,gfx_whisp_spiral
material,gradient_bottom
material,gradient_fadein
material,gradient_top
material,headicon_admin
material,headicon_engineer
material,headicon_medhp
material,headicon_medic
material,hellknight_body
material,hellknight_tongue
material,hud_ammo
material,hud_arrow_left
material,hud_flamethrower_reticle
material,hud_hp_gradient
material,hud_icon_ammobox
material,hud_icon_aug
material,hud_icon_crossbow
material,hud_icon_crossbow_dpad
material,hud_icon_lowhp
material,hud_icon_medkit
material,hud_icon_thundergun
material,hud_icon_tomahawk
material,hud_special_gradient
material,hud_thundergun_dpad
material,hud_tomahawk_dpad
material,hud_us_grenade
material,hud_us_smokegrenade
material,hud_weapons
material,hud_xpticker480
material,hud_xpticker480ws
material,icon_admin
material,icon_dev
material,icon_down
material,icon_infection
material,icon_spec
material,line_horizontal
material,logo_cod2
material,map_border
material,mc/bo_quad_body
material,mc/bo_quad_pants
material,mc/bx_medkit_skin
material,mc/bx_teleporter_edge
material,mc/bx_teleporter_energy
material,mc/bx_teleporter_main
material,mc/bx_teleporter_pad
material,mc/bx_teleporter_transparency
material,mc/caa97f0b_1material
material,mc/crossbow_body
material,mc/crossbow_lens
material,mc/crossbow_rails
material,mc/crossbow_scope
material,mc/custom_glass
material,mc/cyclops_body
material,mc/cyclops_eye
material,mc/file_1d7db364_1material
material,mc/file_520066a8_1material
material,mc/file_7208a09d_1material
material,mc/gfx_crater_dirt
material,mc/gfx_grass_piece1
material,mc/gfx_impact_metal02
material,mc/gfx_impact_metal03
material,mc/hellknight_body
material,mc/hellknight_tongue
material,mc/izmb_zombie_body1
material,mc/izmb_zombie_body10
material,mc/izmb_zombie_body11
material,mc/izmb_zombie_body12
material,mc/izmb_zombie_body2
material,mc/izmb_zombie_body3
material,mc/izmb_zombie_body5
material,mc/izmb_zombie_body6
material,mc/izmb_zombie_body7
material,mc/izmb_zombie_body8
material,mc/izmb_zombie_body9
material,mc/lambert1
material,mc/mtl_accessories_mp
material,mc/mtl_ad_sodamachine
material,mc/mtl_arab_regular_muneer
material,mc/mtl_arab_regular_muneer_eye
material,mc/mtl_barrel_blue_rust
material,mc/mtl_barrel_metal
material,mc/mtl_barrel_red
material,mc/mtl_barrel_white
material,mc/mtl_biohazard
material,mc/mtl_bo_minigun
material,mc/mtl_bo_minigun_bullet
material,mc/mtl_bo_minigun_decals
material,mc/mtl_bo_minigun_for_bullets
material,mc/mtl_body_sonofzakhaev
material,mc/mtl_body_vip
material,mc/mtl_can_machine3_lit
material,mc/mtl_eye_highlight
material,mc/mtl_farmer_cloth
material,mc/mtl_farmer_hands
material,mc/mtl_farmer_head
material,mc/mtl_flammable_liquid
material,mc/mtl_fx_shotgun_shell
material,mc/mtl_german_shepherd
material,mc/mtl_german_shepherd_fur
material,mc/mtl_ghillie_mesh_mp
material,mc/mtl_head_vip
material,mc/mtl_lightning_chamber_glass
material,mc/mtl_lightning_chamber_main
material,mc/mtl_mw2_sentry_turret
material,mc/mtl_opforce_body_sp
material,mc/mtl_opforce_derik_head_sp
material,mc/mtl_opforce_gear_sp
material,mc/mtl_opforce_geoff_headset_sp
material,mc/mtl_opforce_hands_sp
material,mc/mtl_opforce_headset_sp
material,mc/mtl_opforce_lod_sp
material,mc/mtl_plastic_case_green_big
material,mc/mtl_plasticbottles
material,mc/mtl_ray_gun
material,mc/mtl_ray_gun_battery
material,mc/mtl_red_dot
material,mc/mtl_sas_woodland_body_sp
material,mc/mtl_sas_woodland_cap_sp
material,mc/mtl_sas_woodland_hat_hands_sp
material,mc/mtl_sas_woodland_headset_sp
material,mc/mtl_sas_woodland_hugh_sp
material,mc/mtl_sas_woodland_lod_sp
material,mc/mtl_sas_woodland_mac_sp
material,mc/mtl_sas_woodland_peter_sp
material,mc/mtl_sas_woodland_todd_sp
material,mc/mtl_spetsnaz_body_sp
material,mc/mtl_spetsnaz_collins_sp
material,mc/mtl_spetsnaz_headset_sp
material,mc/mtl_spetsnaz_lod_sp
material,mc/mtl_tesla_metal
material,mc/mtl_tombstone2
material,mc/mtl_usmc_arm_sp
material,mc/mtl_usmc_body_mp
material,mc/mtl_usmc_body_sp
material,mc/mtl_usmc_boonie_sp
material,mc/mtl_usmc_ghillie_body_sp
material,mc/mtl_usmc_ghillie_mesh_sp
material,mc/mtl_usmc_helmet_hands_sp
material,mc/mtl_usmc_lenses_sp
material,mc/mtl_usmc_lod_mp
material,mc/mtl_usmc_lod_sp
material,mc/mtl_usmc_mark_sp_nod
material,mc/mtl_usmc_price_sp
material,mc/mtl_usmc_sami_sp
material,mc/mtl_usmc_tactical_mich_stripes_nomex
material,mc/mtl_usmc_woodland_body_mp
material,mc/mtl_usmc_woodland_lod_mp
material,mc/mtl_usmc_zack_sp
material,mc/mtl_vacuum_tube
material,mc/mtl_vacuum_tube_filament_inside
material,mc/mtl_vacuum_tube_filament_outside
material,mc/mtl_vacuum_tube_glass
material,mc/mtl_viewmodel_flamethrower
material,mc/mtl_viewmodel_flamethrower_hose
material,mc/mtl_weapon_crossbow
material,mc/mtl_weapon_flamethrower
material,mc/mtl_weapon_g36
material,mc/mtl_weapon_g36_scope
material,mc/mtl_weapon_laser_point
material,mc/mtl_weapon_laser_sight_a
material,mc/mtl_weapon_lens_glow
material,mc/mtl_weapon_m14_scope_lens
material,mc/mtl_weapon_m14_woodland
material,mc/mtl_weapon_m14_woodland_scope
material,mc/mtl_weapon_m203_grenade
material,mc/mtl_weapon_m4_m16
material,mc/mtl_weapon_m60_misc_nocamo
material,mc/mtl_weapon_minigun
material,mc/mtl_weapon_mp5
material,mc/mtl_weapon_p90
material,mc/mtl_weapon_p90_misc_nocamo
material,mc/mtl_weapon_red_cross
material,mc/mtl_weapon_red_dot
material,mc/mtl_weapon_red_scope
material,mc/mtl_weapon_reflex_lens
material,mc/mtl_weapon_reflex_lens_g36
material,mc/mtl_weapon_reflex_red_dot
material,mc/mtl_weapon_reflex_sight
material,mc/mtl_weapon_saw
material,mc/mtl_weapon_shotgun_shells_red
material,mc/mtl_weapon_suppressor_a
material,mc/mtl_weapon_suppressor_b
material,mc/mw2_ammobox_body
material,mc/mw2_intervention_body1
material,mc/mw2_intervention_body2
material,mc/mw2_intervention_body3
material,mc/mw2_mp5k_body
material,mc/mw2_mtl_weapon_acog_2
material,mc/mw2_mtl_weapon_acog_2_lens
material,mc/mw2_mtl_weapon_acog_2_reticle
material,mc/mw2_mtl_weapon_acog_2_reticle_base
material,mc/mw2_mtl_weapon_acog_lens2
material,mc/mw2_mtl_weapon_f2000_acog_lens
material,mc/mw2_mtl_weapon_f2000_body
material,mc/mw2_mtl_weapon_f2000_iron
material,mc/mw2_mtl_weapon_f2000_scope
material,mc/mw2_mtl_weapon_m14ebr_foregrip
material,mc/mw2_mtl_weapon_red_dot_sight
material,mc/mw2_mtl_weapon_reflex_lens
material,mc/mw2_mtl_weapon_spas12
material,mc/mw2_mtl_weapon_suppressor_b
material,mc/mw3_mtl_weapon_aa12
material,mc/mw3_mtl_weapon_aa12_sights
material,mc/mw3_mtl_weapon_eotech
material,mc/mw3_mtl_weapon_red_dot_sight_iw5
material,mc/mw3_mtl_weapon_reflex_iw5_lens
material,mc/mw3_mtl_weapon_suppressor_b
material,mc/mw3_sentry_gl_body
material,mc/weapon_tomahawk
material,minimap_background
material,minimap_tickertape_background
material,minimap_tickertape_mp
material,mtl_bo_minigun
material,mtl_bo_minigun_bullet
material,mtl_bo_minigun_decals
material,mtl_bo_minigun_for_bullets
material,mtl_lightning_chamber_glass
material,mtl_lightning_chamber_main
material,mtl_ray_gun
material,mtl_ray_gun_battery
material,mtl_red_dot
material,mtl_tesla_metal
material,mtl_vacuum_tube
material,mtl_vacuum_tube_filament_inside
material,mtl_vacuum_tube_filament_outside
material,mtl_viewmodel_flamethrower
material,mtl_viewmodel_flamethrower_hose
material,mtl_weapon_crossbow
material,mtl_weapon_flamethrower
material,mw2_intervention_body1
material,mw2_intervention_body2
material,mw2_intervention_body3
material,mw2_mtl_hud_f2000
material,mw2_mtl_hud_spas12
material,mw2_mtl_weapon_acog_2
material,mw2_mtl_weapon_acog_2_lens
material,mw2_mtl_weapon_acog_2_reticle
material,mw2_mtl_weapon_acog_2_reticle_base
material,mw2_mtl_weapon_acog_lens2
material,mw2_mtl_weapon_f2000
material,mw2_mtl_weapon_f2000_acog_lens
material,mw2_mtl_weapon_f2000_body
material,mw2_mtl_weapon_f2000_iron
material,mw2_mtl_weapon_f2000_scope
material,mw2_mtl_weapon_m14ebr_foregrip
material,mw2_mtl_weapon_red_dot_sight
material,mw2_mtl_weapon_reflex_lens
material,mw2_mtl_weapon_spas12
material,mw2_mtl_weapon_suppressor_b
material,mw2_sentry_body
material,mw3_sentry_gl_body
material,objective_line
material,overlay_low_health
material,rank_icon_bg
material,rank_prestige_1
material,rank_prestige_10
material,rank_prestige_11
material,rank_prestige_12
material,rank_prestige_13
material,rank_prestige_14
material,rank_prestige_15
material,rank_prestige_16
material,rank_prestige_17
material,rank_prestige_18
material,rank_prestige_19
material,rank_prestige_2
material,rank_prestige_20
material,rank_prestige_21
material,rank_prestige_22
material,rank_prestige_23
material,rank_prestige_24
material,rank_prestige_25
material,rank_prestige_26
material,rank_prestige_27
material,rank_prestige_28
material,rank_prestige_29
material,rank_prestige_3
material,rank_prestige_30
material,rank_prestige_31
material,rank_prestige_32
material,rank_prestige_33
material,rank_prestige_34
material,rank_prestige_35
material,rank_prestige_36
material,rank_prestige_37
material,rank_prestige_38
material,rank_prestige_39
material,rank_prestige_4
material,rank_prestige_40
material,rank_prestige_41
material,rank_prestige_42
material,rank_prestige_43
material,rank_prestige_44
material,rank_prestige_45
material,rank_prestige_46
material,rank_prestige_47
material,rank_prestige_48
material,rank_prestige_49
material,rank_prestige_5
material,rank_prestige_50
material,rank_prestige_51
material,rank_prestige_52
material,rank_prestige_53
material,rank_prestige_54
material,rank_prestige_55
material,rank_prestige_56
material,rank_prestige_57
material,rank_prestige_58
material,rank_prestige_59
material,rank_prestige_6
material,rank_prestige_60
material,rank_prestige_61
material,rank_prestige_62
material,rank_prestige_63
material,rank_prestige_64
material,rank_prestige_65
material,rank_prestige_7
material,rank_prestige_8
material,rank_prestige_9
material,rank_rec1
material,scorebar_backdrop
material,scorebar_fadein
material,ui_arrow_right
material,wc/gfx_crater_dirt
material,wc/gfx_impact_metal02
material,wc/gfx_impact_metal03
material,weapon_aug
material,weapon_crossbow
material,weapon_tomahawk
material,white
techset,2d
techset,distortion_scale
techset,distortion_scale_zfeather
techset,effect
techset,effect_add
techset,effect_add_eyeoffset
techset,effect_add_nofog
techset,effect_falloff_add
techset,effect_falloff_add_nofog
techset,effect_zfeather
techset,effect_zfeather_add
techset,effect_zfeather_add_eyeoffset
techset,effect_zfeather_add_nofog
techset,effect_zfeather_falloff_add
techset,effect_zfeather_falloff_add_nofog
techset,l_hsm_b0c0
techset,l_hsm_b0c0n0
techset,l_hsm_b0c0n0s0
techset,l_hsm_b0c0s0
techset,l_hsm_r0c0
techset,l_hsm_r0c0n0
techset,l_hsm_r0c0n0s0
techset,l_hsm_r0c0s0
techset,l_hsm_scroll_b0c0
techset,l_hsm_scroll_r0c0
techset,l_hsm_skin_r0c0
techset,l_sm_b0c0
techset,l_sm_b0c0n0
techset,l_sm_b0c0n0s0
techset,l_sm_b0c0s0
techset,l_sm_r0c0
techset,l_sm_r0c0n0
techset,l_sm_r0c0n0s0
techset,l_sm_r0c0s0
techset,l_sm_scroll_b0c0
techset,l_sm_scroll_r0c0
techset,l_sm_skin_r0c0
techset,mc_2d
techset,mc_effect
techset,mc_l_hsm_b0c0
techset,mc_l_hsm_b0c0n0
techset,mc_l_hsm_b0c0n0s0
techset,mc_l_hsm_b0c0s0
techset,mc_l_hsm_r0c0
techset,mc_l_hsm_r0c0n0
techset,mc_l_hsm_r0c0n0s0
techset,mc_l_hsm_r0c0s0
techset,mc_l_hsm_scroll_b0c0
techset,mc_l_hsm_scroll_r0c0
techset,mc_l_hsm_skin_r0c0
techset,mc_l_hsm_skin_r0c0n0
techset,mc_l_hsm_skin_r0c0n0s0
techset,mc_l_hsm_skin_r0c0s0
techset,mc_l_hsm_t0c0
techset,mc_l_hsm_t0c0n0
techset,mc_l_hsm_t0c0n0s0
techset,mc_l_hsm_t0c0s0
techset,mc_l_sm_b0c0
techset,mc_l_sm_b0c0n0
techset,mc_l_sm_b0c0n0s0
techset,mc_l_sm_b0c0s0
techset,mc_l_sm_r0c0
techset,mc_l_sm_r0c0n0
techset,mc_l_sm_r0c0n0s0
techset,mc_l_sm_r0c0s0
techset,mc_l_sm_scroll_b0c0
techset,mc_l_sm_scroll_r0c0
techset,mc_l_sm_skin_r0c0
techset,mc_l_sm_skin_r0c0n0
techset,mc_l_sm_skin_r0c0n0s0
techset,mc_l_sm_skin_r0c0s0
techset,mc_l_sm_t0c0
techset,mc_l_sm_t0c0n0
techset,mc_l_sm_t0c0n0s0
techset,mc_l_sm_t0c0s0
techset,mc_reflexsight
techset,mc_unlit
techset,mc_unlit_add
techset,particle_cloud
techset,reflexsight
techset,sm2/2d
techset,sm2/distortion_scale
techset,sm2/distortion_scale_zfeather
techset,sm2/effect
techset,sm2/effect_add
techset,sm2/effect_add_eyeoffset
techset,sm2/effect_add_nofog
techset,sm2/effect_falloff_add
techset,sm2/effect_falloff_add_nofog
techset,sm2/effect_zfeather
techset,sm2/effect_zfeather_add
techset,sm2/effect_zfeather_add_eyeoffset
techset,sm2/effect_zfeather_add_nofog
techset,sm2/effect_zfeather_falloff_add
techset,sm2/effect_zfeather_falloff_add_nofog
techset,sm2/l_hsm_b0c0
techset,sm2/l_hsm_b0c0n0
techset,sm2/l_hsm_b0c0n0s0
techset,sm2/l_hsm_b0c0s0
techset,sm2/l_hsm_r0c0
techset,sm2/l_hsm_r0c0n0
techset,sm2/l_hsm_r0c0n0s0
techset,sm2/l_hsm_r0c0s0
techset,sm2/l_hsm_scroll_b0c0
techset,sm2/l_hsm_scroll_r0c0
techset,sm2/l_hsm_skin_r0c0
techset,sm2/l_sm_b0c0
techset,sm2/l_sm_b0c0n0
techset,sm2/l_sm_b0c0n0s0
techset,sm2/l_sm_b0c0s0
techset,sm2/l_sm_r0c0
techset,sm2/l_sm_r0c0n0
techset,sm2/l_sm_r0c0n0s0
techset,sm2/l_sm_r0c0s0
techset,sm2/l_sm_scroll_b0c0
techset,sm2/l_sm_scroll_r0c0
techset,sm2/l_sm_skin_r0c0
techset,sm2/mc_2d
techset,sm2/mc_effect
techset,sm2/mc_l_hsm_b0c0
techset,sm2/mc_l_hsm_b0c0n0
techset,sm2/mc_l_hsm_b0c0n0s0
techset,sm2/mc_l_hsm_b0c0s0
techset,sm2/mc_l_hsm_r0c0
techset,sm2/mc_l_hsm_r0c0n0
techset,sm2/mc_l_hsm_r0c0n0s0
techset,sm2/mc_l_hsm_r0c0s0
techset,sm2/mc_l_hsm_scroll_b0c0
techset,sm2/mc_l_hsm_scroll_r0c0
techset,sm2/mc_l_hsm_skin_r0c0
techset,sm2/mc_l_hsm_skin_r0c0n0
techset,sm2/mc_l_hsm_skin_r0c0n0s0
techset,sm2/mc_l_hsm_skin_r0c0s0
techset,sm2/mc_l_hsm_t0c0
techset,sm2/mc_l_hsm_t0c0n0
techset,sm2/mc_l_hsm_t0c0n0s0
techset,sm2/mc_l_hsm_t0c0s0
techset,sm2/mc_l_sm_b0c0
techset,sm2/mc_l_sm_b0c0n0
techset,sm2/mc_l_sm_b0c0n0s0
techset,sm2/mc_l_sm_b0c0s0
techset,sm2/mc_l_sm_r0c0
techset,sm2/mc_l_sm_r0c0n0
techset,sm2/mc_l_sm_r0c0n0s0
techset,sm2/mc_l_sm_r0c0s0
techset,sm2/mc_l_sm_scroll_b0c0
techset,sm2/mc_l_sm_scroll_r0c0
techset,sm2/mc_l_sm_skin_r0c0
techset,sm2/mc_l_sm_skin_r0c0n0
techset,sm2/mc_l_sm_skin_r0c0n0s0
techset,sm2/mc_l_sm_skin_r0c0s0
techset,sm2/mc_l_sm_t0c0
techset,sm2/mc_l_sm_t0c0n0
techset,sm2/mc_l_sm_t0c0n0s0
techset,sm2/mc_l_sm_t0c0s0
techset,sm2/mc_reflexsight
techset,sm2/mc_unlit
techset,sm2/mc_unlit_add
techset,sm2/particle_cloud
techset,sm2/reflexsight
techset,sm2/wc_l_hsm_b0c0
techset,sm2/wc_l_hsm_b0c0n0
techset,sm2/wc_l_hsm_b0c0n0s0
techset,sm2/wc_l_hsm_b0c0s0
techset,sm2/wc_l_sm_b0c0
techset,sm2/wc_l_sm_b0c0n0
techset,sm2/wc_l_sm_b0c0n0s0
techset,sm2/wc_l_sm_b0c0s0
techset,wc_l_hsm_b0c0
techset,wc_l_hsm_b0c0n0
techset,wc_l_hsm_b0c0n0s0
techset,wc_l_hsm_b0c0s0
techset,wc_l_sm_b0c0
techset,wc_l_sm_b0c0n0
techset,wc_l_sm_b0c0n0s0
techset,wc_l_sm_b0c0s0
image,$identitynormalmap
image,$white
image,1d7db364
image,520066a8
image,55_gallon_drum
image,55_gallon_drum_blue_rust
image,55_gallon_drum_bump
image,55_gallon_drum_red
image,55_gallon_drum_white
image,7208a09d
image,accessories_mp_col
image,accessories_mp_nml
image,ammobox
image,arab_regular_muneer_sp_col
image,arab_regular_muneer_sp_nml
image,battery_c
image,bg_back
image,bg_blur_back
image,bg_blur_fogscroll
image,bg_blur_front
image,bg_fogscroll
image,bg_fogscrollthin
image,bg_front
image,bg_front2
image,bloodburstg_atlas
image,bo_quad_body
image,bo_quad_body_nml
image,bo_quad_pants
image,button_highlight_end
image,bx_medkit
image,bx_teleporter_edge
image,bx_teleporter_energy
image,bx_teleporter_main
image,bx_teleporter_pad
image,bx_teleporter_transparency
image,caa97f0b
image,collins_head_col_sp
image,collins_head_nrm_sp
image,compass_map_default
image,compass_waypoint_kill
image,compassping_enemyfiring
image,compassping_green_hollow_mp
image,compassping_player
image,crater_dirt
image,crossbow_body
image,crossbow_lens
image,crossbow_rails
image,crossbow_scope
image,custom_glass
image,cyclops_body
image,cyclops_eye
image,debris_concrete
image,devicon
image,dirtchunks
image,distortion_heat
image,distortion_shc_wave
image,dpad_tomahawk
image,exp_fireball_atlas
image,exp_igc
image,explosion_flash
image,eye_highlight_col
image,farmer_head_clr
image,farmer_head_nml
image,fire_ball
image,fire_fuel
image,fire_patch_ember_bg
image,fire_roar_pm_atlas
image,flare_halogen_glw
image,fx_shotgun_shell_col
image,fx_shotgun_shell_nml
image,geoff_head_col
image,geoff_head_nml
image,german_shepherd_col
image,german_shepherd_fur_col
image,german_shepherd_nml
image,ghillie_mesh_mp_col
image,glow_hs
image,glow_org
image,gradient_bottom
image,gradient_fadein
image,gradient_top
image,grass_piece1
image,grey
image,headicon_admin
image,headicon_engineer
image,headicon_medhp
image,headicon_medic
image,hellknight_body
image,hellknight_tongue
image,hud_ammo
image,hud_arrow_left
image,hud_crossbow
image,hud_crossbow_dpad
image,hud_flamethrower_reticle
image,hud_hp_gradient
image,hud_icon_aug
image,hud_icon_thundergun
image,hud_spedial_gradient
image,hud_thundergun_dpad
image,hud_us_grenade
image,hud_weapons
image,hud_xpticker480
image,hud_xpticker480ws
image,icon313
image,icon_admin
image,icon_infection
image,impact_metal02_col
image,impact_metal02_nml
image,impact_metal03_col
image,impact_metal03_nml
image,izmb_zombie_body1
image,izmb_zombie_body10
image,izmb_zombie_body10_nml
image,izmb_zombie_body11
image,izmb_zombie_body11_nml
image,izmb_zombie_body12
image,izmb_zombie_body1_nml
image,izmb_zombie_body2
image,izmb_zombie_body3
image,izmb_zombie_body3_nml
image,izmb_zombie_body5
image,izmb_zombie_body5_nml
image,izmb_zombie_body6
image,izmb_zombie_body6_nml
image,izmb_zombie_body7
image,izmb_zombie_body7_nml
image,izmb_zombie_body8
image,izmb_zombie_body8_nml
image,izmb_zombie_body9
image,lightning
image,lightning_atlas
image,lightning_chamber_glass_c
image,lightning_chamber_main_c
image,line_horizontal
image,line_horizontal_fadein
image,logo_cod2
image,lowhp
image,m14_scope_lens_col
image,m14_scope_woodland_col
image,m14_woodland_col
image,m60_col
image,mapborder
image,medkit
image,mg42_cross
image,minimap_background
image,minimap_tickertape_256x16
image,minimap_tickertape_background
image,mtl_mw2_sentry_turret
image,mtl_soda_can_03_col
image,mtl_soda_can_03_nml
image,mtl_soda_can_04_col
image,mtl_weapon_crossbow_col
image,mtl_weapon_crossbow_nml
image,mw2_ammobox_body
image,mw2_hud_f2000
image,mw2_hud_icon_spas12
image,mw2_intervention_body1
image,mw2_intervention_body1_nml
image,mw2_intervention_body2
image,mw2_intervention_body3
image,mw2_mp5k_body
image,mw2_mp5k_body_nml
image,mw2_sentry_body
image,mw2_sentry_body_nml
image,mw2_sentry_turret_normal
image,mw2_weapon_acog2_reticle_2d
image,mw2_weapon_acog2_reticle_base_2d
image,mw2_weapon_acog_2_col
image,mw2_weapon_acog_2_lens_col
image,mw2_weapon_acog_2_lens_nml
image,mw2_weapon_acog_2_nml
image,mw2_weapon_acog_lens2_col
image,mw2_weapon_f2000
image,mw2_weapon_f2000_col
image,mw2_weapon_f2000_iron_col
image,mw2_weapon_f2000_iron_nml
image,mw2_weapon_f2000_nml
image,mw2_weapon_f2000_scope_col
image,mw2_weapon_f2000_scope_nml
image,mw2_weapon_m14ebr_foregrip_col
image,mw2_weapon_m14ebr_foregrip_nml
image,mw2_weapon_red_dot_sight_col
image,mw2_weapon_red_dot_sight_nml
image,mw2_weapon_reflex_lense_col
image,mw2_weapon_reflex_lense_nml
image,mw2_weapon_spas12_col
image,mw2_weapon_spas12_nml
image,mw2_weapon_suppressor_01_col
image,mw2_weapon_suppressor_01_nml
image,mw3_sentry_gl_body
image,objective_line
image,opforce_body_sp_col
image,opforce_body_sp_nml
image,opforce_derik_head_sp_col
image,opforce_derik_head_sp_nrm
image,opforce_gear_sp_col
image,opforce_gear_sp_nml
image,opforce_hand_sp_col
image,opforce_hand_sp_nml
image,opforce_headset_sp_col
image,opforce_headset_sp_nml
image,opforce_lod_col_sp
image,opforce_lod_nml_sp
image,overlay_low_health
image,plastic_big_case_nml
image,plastic_bottles_col
image,plastic_bottles_nml
image,plastic_case_big_green_col
image,rank_icon_bg
image,rank_prestige_1
image,rank_prestige_10
image,rank_prestige_11
image,rank_prestige_12
image,rank_prestige_13
image,rank_prestige_14
image,rank_prestige_15
image,rank_prestige_16
image,rank_prestige_17
image,rank_prestige_18
image,rank_prestige_19
image,rank_prestige_2
image,rank_prestige_20
image,rank_prestige_21
image,rank_prestige_22
image,rank_prestige_23
image,rank_prestige_24
image,rank_prestige_25
image,rank_prestige_26
image,rank_prestige_27
image,rank_prestige_28
image,rank_prestige_29
image,rank_prestige_3
image,rank_prestige_30
image,rank_prestige_31
image,rank_prestige_32
image,rank_prestige_33
image,rank_prestige_34
image,rank_prestige_35
image,rank_prestige_36
image,rank_prestige_37
image,rank_prestige_38
image,rank_prestige_39
image,rank_prestige_4
image,rank_prestige_40
image,rank_prestige_41
image,rank_prestige_42
image,rank_prestige_43
image,rank_prestige_44
image,rank_prestige_45
image,rank_prestige_46
image,rank_prestige_47
image,rank_prestige_48
image,rank_prestige_49
image,rank_prestige_5
image,rank_prestige_50
image,rank_prestige_51
image,rank_prestige_52
image,rank_prestige_53
image,rank_prestige_54
image,rank_prestige_55
image,rank_prestige_56
image,rank_prestige_57
image,rank_prestige_58
image,rank_prestige_59
image,rank_prestige_6
image,rank_prestige_60
image,rank_prestige_61
image,rank_prestige_62
image,rank_prestige_63
image,rank_prestige_64
image,rank_prestige_65
image,rank_prestige_7
image,rank_prestige_8
image,rank_prestige_9
image,rank_rec1
image,ray_gun
image,rock$tombstone2_c
image,rock$tombstone2_n
image,rotucrossicon
image,russian_farmer_clr
image,russian_farmer_nml
image,rusty_barrel_bump
image,sas_woodland_body_sp_col
image,sas_woodland_body_sp_nml
image,sas_woodland_cap_sp_col
image,sas_woodland_cap_sp_nml
image,sas_woodland_hat_hands_col
image,sas_woodland_hat_hands_nml
image,sas_woodland_headset_col
image,sas_woodland_headset_nml
image,sas_woodland_hugh_col_sp
image,sas_woodland_hugh_nml_sp
image,sas_woodland_lod_sp_col
image,sas_woodland_lod_sp_nml
image,sas_woodland_mac_col_sp
image,sas_woodland_mac_nml_sp
image,sas_woodland_peter_col_sp
image,sas_woodland_peter_nml_sp
image,sas_woodland_todd_col_sp
image,sas_woodland_todd_nml_sp
image,scorebar_backdrop
image,shells_nml
image,shells_red_col
image,smk_white_atlas
image,smokpuff_atlased
image,snow_sheet
image,snowflake01
image,sp_characters_sonofzakhaev_clr
image,sp_characters_sonofzakhaev_nml
image,spark_atlas
image,sparks_rndhit_64
image,sparks_rndhit_atlas
image,spetsnaz_body_col_sp
image,spetsnaz_body_nml_sp
image,spetsnaz_headset_sp_col
image,spetsnaz_headset_sp_nml
image,spetsnaz_lod_col_sp
image,spetsnaz_lod_nml_sp
image,spotlight_beam
image,spotlight_lensflare
image,starburst_1p
image,sun_flare_rainbow
image,sun_flare_toujane
image,tesla_c
image,tomahawk_kill
image,ui_arrow_right
image,us_smokegrenade
image,usa_flamer_m2flamethrower_c
image,usa_flamethrower_world_c
image,usmc_arm_sp_col
image,usmc_arm_sp_nml
image,usmc_body_mp_col
image,usmc_body_mp_nml
image,usmc_body_sp_col
image,usmc_body_sp_nml
image,usmc_body_woodland_mp_col
image,usmc_body_woodland_mp_nml
image,usmc_boonie_sp_col
image,usmc_boonie_sp_nml
image,usmc_ghillie_body_col_sp
image,usmc_ghillie_body_nml_sp
image,usmc_ghillie_mesh_col
image,usmc_ghillie_mesh_nml
image,usmc_helmet_hands_sp_col
image,usmc_helmet_hands_sp_nml
image,usmc_lenses_sp_col
image,usmc_lenses_sp_nml
image,usmc_lod_mp_col
image,usmc_lod_mp_nml
image,usmc_lod_mp_woodland_col
image,usmc_lod_mp_woodland_nml
image,usmc_lod_sp_col
image,usmc_lod_sp_nml
image,usmc_mark_sp_nod_col
image,usmc_mark_sp_nod_nml
image,usmc_price_col_sp
image,usmc_price_nml_sp
image,usmc_sami_sp_col
image,usmc_sami_sp_nml
image,usmc_tactical_mich_stripes_nomex_col
image,usmc_tactical_mich_stripes_nomex_nml
image,usmc_zack_sp_col
image,usmc_zack_sp_nml
image,vacuum_tube_c
image,vip_body_col
image,vip_body_nrm
image,vip_head_col
image,vip_head_nml
image,weapon_aa12_col
image,weapon_aa12_nml
image,weapon_aug
image,weapon_bo_minigun_bullet_col
image,weapon_bo_minigun_col
image,weapon_bo_minigun_decals_col
image,weapon_bo_minigun_for_bullets_col
image,weapon_crossbow
image,weapon_eotech_col
image,weapon_eotech_nml
image,weapon_g36_col
image,weapon_g36_scope_col
image,weapon_holographic_lens_glow_col
image,weapon_laser_point_col
image,weapon_laser_sight_a_col
image,weapon_m203_grenade_col
image,weapon_m4_col
image,weapon_minigun_col
image,weapon_mp5_c
image,weapon_p90_col
image,weapon_red_cross_background
image,weapon_red_cross_c128
image,weapon_red_dot_c
image,weapon_red_dot_reflexsight
image,weapon_red_dot_sight_iw5_col
image,weapon_red_dot_sight_iw5_nml
image,weapon_red_scope_col
image,weapon_reflex_iw5_lense_col
image,weapon_reflex_iw5_lense_nml
image,weapon_reflex_lens_col
image,weapon_reflex_sight_col
image,weapon_saw_col
image,weapon_suppressor_01_col
image,weapon_suppressor_01_nml
image,weapon_suppressor_a_col
image,weapon_suppressor_b_col
image,weapon_tomahawk
image,whisp_spiral
image,~55_gallon_drum_spec-r-59g-59~bf714207
image,~55_gallon_drum_spec-r81g81b8~27de26c9
image,~_weapon_steyr_spc-rgb&weapon~0a4b1cb7
image,~accessories_mp_spc-rgb&acces~1f976477
image,~arab_regular_muneer_sp_spc-r~30348b74
image,~bo_quad_body_spc-rgb&bo_quad~e40e36c6
image,~collins_head_spc_sp-rgb&coll~2f875d45
image,~crossbow_lens_specular-r-25g~7f62da65
image,~custom_glass_spc-r-17g-17b-1~cf9b754e
image,~eye_highlight_spc-rgb&eye_hi~92c2d33b
image,~farmer_head_spc-rgb&farmer_h~0b7404aa
image,~fx_shotgun_shell_spc-rgb&fx_~edff6e5f
image,~geoff_head_spc-rgb&geoff_hea~0a9d7c3a
image,~german_shepherd_fur_spc-rgb&~38e912b4
image,~german_shepherd_spc-rgb&germ~91bd0c06
image,~impact_metal02_spc-rgb&impac~842c635a
image,~impact_metal03_spc-rgb&impac~645338d2
image,~izmb_zombie_body10_spc-r-17g~d56f6356
image,~izmb_zombie_body11_spc-r-17g~815455bc
image,~izmb_zombie_body8_spc-r-17g-~210ce3f7
image,~m14_scope_lens_spec-rgb&m14_~eace8daa
image,~m14_scope_spec-rgb&m14_scope_cos-l-11
image,~m14_spec-rgb&m14_cos-l-11
image,~m60_spec-rgb&m60_cos-l-11
image,~mtl_soda_can_03_spc-rgb&mtl_~f2491b9b
image,~mtl_weapon_crossbow_spec-r-7~affb5ea5
image,~mw2_intervention_body1_spc-r~262db84e
image,~mw2_mp5k_body_spc-rgb&mw2_mp~c8c5b220
image,~mw2_sentry_body_spc-rgb&mw2_~2df634a0
image,~mw2_sentry_turret_specular-r~4f286600
image,~mw2_weapon_acog_2_lens_spc-r~6c8aa9ab
image,~mw2_weapon_acog_2_spc-rgb&mw~25080e29
image,~mw2_weapon_acog_lens2_spc-rg~b743cbdb
image,~mw2_weapon_f2000_iron_spc-rg~af94ebce
image,~mw2_weapon_f2000_scope_spc-r~276e3b1e
image,~mw2_weapon_f2000_spc-rgb&mw2~09e4cd70
image,~mw2_weapon_m14ebr_foregrip_s~1630a743
image,~mw2_weapon_red_dot_sight_spc~ded9a867
image,~mw2_weapon_reflex_lense_spc-~96d41580
image,~mw2_weapon_spas12_spc-rgb&mw~2be20104
image,~mw2_weapon_suppressor_01_spc~6ea35ee3
image,~opforce_body_sp_spc-rgb&opfo~769a6dca
image,~opforce_derik_head_sp_spc-rg~184d1fbb
image,~opforce_gear_sp_spc-rgb&opfo~8f7ef14a
image,~opforce_hand_sp_spc-rgb&opfo~ada2b449
image,~opforce_headset_sp_spc-rgb&o~b15519b7
image,~opforce_lod_spc_sp-rgb&opfor~169cd8d8
image,~plastic_bottles_spc-rgb&plas~dfda3ded
image,~plastic_case_big_spc-rgbl-11
image,~rock$tombstone2_s-rgb&$white-l-11
image,~russian_farmer_spc-rgb&russi~48d649fe
image,~russian_farmer_spc-rgb&russi~ec866faf
image,~rusty_barrel_spec-rgb&rusty_~96f69cf3
image,~sas_woodland_body_sp_spc-rgb~607e1a3c
image,~sas_woodland_cap_sp_spc-rgb&~953b9ab9
image,~sas_woodland_hat_hands_spc-r~4225afb3
image,~sas_woodland_headset_spc-rgb~8aeab52d
image,~sas_woodland_hugh_spc_sp-rgb~ba8c624e
image,~sas_woodland_lod_sp_spc-rgb&~46e7d14f
image,~sas_woodland_mac_spc_sp-rgb&~6d98488a
image,~sas_woodland_peter_spc_sp-rg~5b928751
image,~sas_woodland_todd_spc_sp-rgb~202c3a2b
image,~shells_red_spec-rgb&$white-l-11
image,~sp_characters_sonofzakhaev_s~f3b6af5b
image,~spetsnaz_body_spec_sp-rgb&sp~11aff259
image,~spetsnaz_headset_sp_spc-rgb&~203ef60c
image,~spetsnaz_lod_spec_sp-rgb&spe~909260a2
image,~usmc_arm_sp_spc-rgb&usmc_arm~04276ae5
image,~usmc_body_mp_spc-rgb&usmc_bo~047366d7
image,~usmc_body_sp_spc-rgb&usmc_bo~04f2edea
image,~usmc_body_woodland_mp_spc-rg~409440aa
image,~usmc_boonie_sp_spc-rgb&usmc_~9f400cfd
image,~usmc_ghillie_body_spc_sp-rgb~12420e23
image,~usmc_ghillie_mesh_spc-rgb&us~c0c547ae
image,~usmc_helmet_hands_sp_spc-rgb~495724da
image,~usmc_lenses_sp_spc-rgb&usmc_~b617dfc5
image,~usmc_lod_mp_spc-rgb&usmc_lod~1fa2b4a7
image,~usmc_lod_mp_woodland_spc-rgb~c0f11534
image,~usmc_lod_sp_spc-rgb&usmc_lod~04276ae5
image,~usmc_mark_sp_nod_spc-rgb&usm~71c5429d
image,~usmc_price_spc_sp-rgb&usmc_p~26d2e82a
image,~usmc_sami_sp_spc-rgb&usmc_sa~9b1486b9
image,~usmc_tactical_mich_stripes_n~2c333a2f
image,~usmc_zack_sp_spc-rgb&usmc_za~6ba45444
image,~vip_body_spec-rgb&vip_body_cos-l-11
image,~vip_head_spec-rgb&vip_head_cos-l-11
image,~weapon_aa12_spec-rgb&$white-l-11
image,~weapon_eotech_spc-rgb&weapon~8af6a013
image,~weapon_g36_scope_spec-r30g30~44839f6a
image,~weapon_g36_spec-r30g30b30&we~833b4d4f
image,~weapon_laser_point_spc-r-59g~c3b43220
image,~weapon_laser_sight_a_spec-r-~14d7f668
image,~weapon_m203_grenade_spc-r65g~dad0da51
image,~weapon_m4_spc-r-17g-17b-17&w~aca95990
image,~weapon_minigun_spc-r-17g-17b~0b6711a6
image,~weapon_mp5_s-r-49g-49b-49&we~029a9a7a
image,~weapon_p90_spc-r65g65b65&wea~ff8cb4f7
image,~weapon_red_dot_sight_iw5_spc~39dbe959
image,~weapon_red_scope_spc-r65g65b~d4364490
image,~weapon_reflex_iw5_lense_spc-~d2eac9f8
image,~weapon_reflex_lens_spc-rgb&w~e0ac07de
image,~weapon_reflex_sight_spc-rgbl-11
image,~weapon_saw_spc-r65g65b65&wea~fbd00e22
image,~weapon_suppressor_01_spc-rgb~1147e99d
image,~weapon_suppressor_a_spec-r-5~7d745564
image,~weapon_suppressor_b_spc-r-59~afa8576d
sndcurve,weapon2
sndcurve,weapon4
loaded_sound,aug/aug_clipin.wav
loaded_sound,aug/aug_clipout.wav
loaded_sound,aug/aug_fire.wav
loaded_sound,aug/aug_reload.wav
loaded_sound,chainsaw/chainsaw_fire.wav
loaded_sound,chainsaw/chainsaw_reload.wav
loaded_sound,crossbow/bolt_load1.wav
loaded_sound,crossbow/fire1.wav
loaded_sound,flamethrower/wpn_flm_cooldown.wav
loaded_sound,flamethrower/wpn_flm_ignite.wav
loaded_sound,flamethrower/wpn_flmthwr_mn_flame.wav
loaded_sound,flamethrower/wpn_flmthwr_st_flame.wav
loaded_sound,foley/wpfoly_f2000_reload_chamber_v1.wav
loaded_sound,foley/wpfoly_f2000_reload_clipin_v1.wav
loaded_sound,foley/wpfoly_f2000_reload_clipout_v1.wav
loaded_sound,foley/wpfoly_f2000_reload_first_chamber_v1.wav
loaded_sound,foley/wpfoly_f2000_reload_first_lift_v1.wav
loaded_sound,foley/wpfoly_f2000_reload_lift_v1.wav
loaded_sound,foley/wpfoly_spas12_reload_close_v1.wav
loaded_sound,foley/wpfoly_spas12_reload_lift_v1.wav
loaded_sound,foley/wpfoly_spas12_reload_loop_v1.wav
loaded_sound,foley/wpfoly_spas12_reload_open_v1.wav
loaded_sound,intervention/weap_mw2_m200_clip_in.wav
loaded_sound,intervention/weap_mw2_m200_clip_out.wav
loaded_sound,intervention/weap_mw2_m200_fire.wav
loaded_sound,minigun/minigun_loop.wav
loaded_sound,minigun/wpn_minigun_fire.wav
loaded_sound,minigun/wpn_minigun_spin_over.wav
loaded_sound,misc/mrk_grenade_3.wav
loaded_sound,misc/tabun_shock_end.wav
loaded_sound,misc/tabun_shock_loop.wav
loaded_sound,misc/thunder01.wav
loaded_sound,misc/thunder02.wav
loaded_sound,misc/toxic_gas_leak.wav
loaded_sound,misc/zombie_attack0.wav
loaded_sound,misc/zombie_attack1.wav
loaded_sound,misc/zombie_attack2.wav
loaded_sound,misc/zombie_attack3.wav
loaded_sound,misc/zombie_attack4.wav
loaded_sound,misc/zombie_attack5.wav
loaded_sound,misc/zombie_attack6.wav
loaded_sound,misc/zombie_attack7.wav
loaded_sound,misc/zombie_death0.wav
loaded_sound,misc/zombie_death1.wav
loaded_sound,misc/zombie_death2.wav
loaded_sound,misc/zombie_death3.wav
loaded_sound,misc/zombie_death4.wav
loaded_sound,misc/zombie_death7.wav
loaded_sound,misc/zombie_heartbeat.wav
loaded_sound,misc/zombie_run0.wav
loaded_sound,misc/zombie_run1.wav
loaded_sound,misc/zombie_run2.wav
loaded_sound,misc/zombie_run3.wav
loaded_sound,misc/zombie_run4.wav
loaded_sound,misc/zombie_run5.wav
loaded_sound,mp5k/mp5k_fire.wav
loaded_sound,null.wav
loaded_sound,raygun/wpn_ray_exp.wav
loaded_sound,raygun/wpn_ray_loop.wav
loaded_sound,raygun/wpn_ray_reload_battery.wav
loaded_sound,raygun/wpn_ray_reload_battery_out.wav
loaded_sound,raygun/wpn_ray_reload_close.wav
loaded_sound,raygun/wpn_ray_reload_open.wav
loaded_sound,raygun/wpn_ray_st_f.wav
loaded_sound,raygun/wpn_ray_st_r.wav
loaded_sound,tesla/gr_tesla_start.wav
loaded_sound,tesla/tesla_clip_in.wav
loaded_sound,tesla/tesla_handle_pullback.wav
loaded_sound,tesla/tesla_handle_release.wav
loaded_sound,tesla/tesla_switch_flip_off.wav
loaded_sound,tesla/tesla_switch_flip_on.wav
loaded_sound,tesla/wpn_tesla_fire_mn_f.wav
loaded_sound,tesla/wpn_tesla_fire_st_f.wav
loaded_sound,tesla/wpn_tesla_fire_st_lst.wav
loaded_sound,tesla/wpn_tesla_flux_l.wav
loaded_sound,tesla/wpn_tesla_idle_d.wav
loaded_sound,thundergun/thundergun_fire.wav
loaded_sound,ut/double_kill.wav
loaded_sound,ut/holyshit.wav
loaded_sound,ut/killing_spree.wav
loaded_sound,ut/ludicrouskill.wav
loaded_sound,ut/megakill.wav
loaded_sound,ut/multikill.wav
loaded_sound,ut/triple_kill.wav
loaded_sound,ut/ultrakill.wav
loaded_sound,ut/whickedsick.wav
loaded_sound,weapons/f2000/weap_f2000_silencer_slmn_2b.wav
loaded_sound,weapons/f2000/weap_f2000_silencer_slst_2b.wav
loaded_sound,weapons/f2000/weap_f2000_slmn_2b2.wav
loaded_sound,weapons/f2000/weap_f2000_slst_11.wav
loaded_sound,weapons/spas12/weap_spas12_slmn_1d4.wav
loaded_sound,weapons/spas12/weap_spas12_slst_1d4.wav
loaded_sound,weapons/spas12/weap_spas12silenced_slmn_17.wav
loaded_sound,weapons/spas12/weap_spas12silenced_slst_17.wav
loaded_sound,weps/aa12/weap_aa12_slmn_1.wav
loaded_sound,weps/aa12/weap_aa12_slst_1.wav
loaded_sound,weps/aa12/wpfoly_aa12_reload_chamber_back_v1.wav
loaded_sound,weps/aa12/wpfoly_aa12_reload_chamber_v1.wav
loaded_sound,weps/aa12/wpfoly_aa12_reload_clipin_v1.wav
loaded_sound,weps/aa12/wpfoly_aa12_reload_clipout_v1.wav
loaded_sound,weps/aa12/wpfoly_aa12_reload_lift_v1.wav
loaded_sound,weps/mw3_shotguns/weap_shotgunsilenced_slst_17.wav
menufile,ui/playerprofile.menu
menufile,ui_mp/challenges.menu
menufile,ui_mp/controls_multi.menu
menufile,ui_mp/createserver.menu
menufile,ui_mp/hud.menu
menufile,ui_mp/main.menu
menufile,ui_mp/scriptmenus/admin.menu
menufile,ui_mp/scriptmenus/admin_ban.menu
menufile,ui_mp/scriptmenus/admin_changemap.menu
menufile,ui_mp/scriptmenus/admin_kick.menu
menufile,ui_mp/scriptmenus/admin_temp_ban.menu
menufile,ui_mp/scriptmenus/admin_warn.menu
menufile,ui_mp/scriptmenus/changeclass_ability.menu
menufile,ui_mp/scriptmenus/changeclass_marines_mw.menu
menufile,ui_mp/scriptmenus/class.menu
menufile,ui_mp/scriptmenus/clientcmd.menu
menufile,ui_mp/scriptmenus/development.menu
menufile,ui_mp/scriptmenus/extras_shop.menu
menufile,ui_mp/scriptmenus/playermenu.menu
menufile,ui_mp/scriptmenus/skillpoints.menu
menufile,ui_mp/scriptmenus/team_marinesopfor.menu
menufile,ui_mp/settings_quick_war.menu
menufile,ui_mp/wm_quickmessage.menu
menu,about_rotu
menu,admin
menu,admin_ban
menu,admin_changemap
menu,admin_kick
menu,admin_temp_ban
menu,admin_warn
menu,amitalking
menu,boldgamemessages
menu,centerobituary
menu,changeclass_ability
menu,changeclass_marines_mw
menu,class
menu,clientcmd
menu,compass_old
menu,controls_multi
menu,createserver
menu,cursorhints
menu,development
menu,dpad
menu,extras_shop
menu,fullscreenmap
menu,gamemessages
menu,holdbreathhint
menu,invalidcmdhint
menu,killcam
menu,low health
menu,main
menu,main_text
menu,mantlehint
menu,menu_challenges
menu,pc_cac_popup
menu,player_profile
menu,playermenu
menu,popup_tier
menu,prestige_reset1
menu,prestige_reset3
menu,profile_create_fail_popmenu
menu,profile_create_popmenu
menu,profile_create_too_many_popmenu
menu,profile_del_sure_popmenu
menu,profile_delete_fail_popmenu
menu,profile_exists_popmenu
menu,profile_must_create_popmenu
menu,quickmessage
menu,reset_gamesettings
menu,safeareaa
menu,scorebars
menu,settings_quick_war
menu,settings_quick_war_@mpui_healthincrease
menu,settings_quick_war_@mpui_initialzombs
menu,settings_quick_war_@mpui_preparetime
menu,settings_quick_war_@mpui_rules_spectating
menu,settings_quick_war_@mpui_spawnspeed
menu,skillpoints
menu,stance
menu,subtitles
menu,team_marinesopfor
menu,weaponinfo
menu,xpbar
weapon,mp/ak47
weapon,mp/bot_dog_idle_mp
weapon,mp/bot_dog_run_mp
weapon,mp/bot_zombie_melee_mp
weapon,mp/bot_zombie_run_mp
weapon,mp/bot_zombie_stand_mp
weapon,mp/bot_zombie_walk_mp
weapon,mp/crossbow_mp
weapon,mp/saw_bipod_stand_mp
weapon,mp/tnt_mp
fx,dust/dust_trail_ir
fx,explosions/pyromaniac
fx,fire/emb_burst_a
fx,fire/firelp_med_pm
fx,fire/firelp_small_pm_rotu
fx,flamethrower/muzzle
fx,impacts/flesh_hit_body_nonfatal
fx,impacts/large_metalhit_1
fx,misc/flashlight
fx,misc/fumes
fx,misc/ground_rising
fx,misc/heal_glow
fx,misc/heal_glow_body
fx,misc/healing
fx,misc/laser_sight_blue
fx,misc/laser_sight_green
fx,misc/laser_sight_red
fx,misc/medkit
fx,misc/soul
fx,misc/soulspawn
fx,misc/spirit
fx,misc/toxic_gas
fx,muzzleflashes/custom_minigun_flash
fx,muzzleflashes/thundergun
fx,raygun/raygun_impact
fx,raygun/raygun_muzzle
fx,raygun/raygun_trail
fx,shellejects/shotgun
fx,shellejects/shotgun_resting
fx,shellejects/shotgun_view
fx,shellejects/shotgun_view_blurred01
fx,shellejects/shotgun_view_blurred02
fx,shellejects/shotgun_view_blurred03
fx,smoke/flare_smoke
fx,smoke/heli_engine_smolder
fx,weather/lightning
fx,weather/lightning_a
fx,weather/lightning_b
fx,weather/lightning_c
fx,wunderwaffe/wunderwaffe_impact
fx,wunderwaffe/wunderwaffe_muzzle
fx,wunderwaffe/wunderwaffe_trail
rawfile,animtrees/multiplayer.atr
rawfile,authors.txt
rawfile,changelog.txt
rawfile,license.txt
rawfile,maps/mp/_debug.gsc
rawfile,maps/mp/_load.gsc
rawfile,maps/mp/_umi.gsc
rawfile,maps/mp/_umi_shortcuts.cfg
rawfile,maps/mp/_umieditor.gsc
rawfile,maps/mp/_unified_mapping_interface.gsc
rawfile,maps/mp/_zombiescript.gsc
rawfile,maps/mp/gametypes/_gametypes.txt
rawfile,maps/mp/gametypes/_spawnlogic.gsc
rawfile,maps/mp/gametypes/_spawnlogic_cod_original.gsc
rawfile,maps/mp/gametypes/dm.gsc
rawfile,maps/mp/gametypes/surv.gsc
rawfile,maps/mp/gametypes/surv.txt
rawfile,maps/mp/gametypes/war.gsc
rawfile,maps/mp/gametypes/war.txt
rawfile,mp/cod2maps.arena
rawfile,mp/playeranim.script
rawfile,mp/playeranimtypes.txt
rawfile,readme.txt
rawfile,scripts/bots/_bots.gsc
rawfile,scripts/bots/_types.gsc
rawfile,scripts/clients/_clients.gsc
rawfile,scripts/gamemodes/_gamemodes.gsc
rawfile,scripts/gamemodes/_hud.gsc
rawfile,scripts/gamemodes/_mysterybox.gsc
rawfile,scripts/gamemodes/_survival.gsc
rawfile,scripts/gamemodes/_upgradables.gsc
rawfile,scripts/include/_map_util.gsc
rawfile,scripts/include/admincommon.gsc
rawfile,scripts/include/array.gsc
rawfile,scripts/include/data.gsc
rawfile,scripts/include/entities.gsc
rawfile,scripts/include/hud.gsc
rawfile,scripts/include/matrix.gsc
rawfile,scripts/include/physics.gsc
rawfile,scripts/include/strings.gsc
rawfile,scripts/include/utility.gsc
rawfile,scripts/include/waypoints.gsc
rawfile,scripts/level/_levelsetup.gsc
rawfile,scripts/level/_waypoints.gsc
rawfile,scripts/level/signals.gsc
rawfile,scripts/players/_abilities.gsc
rawfile,scripts/players/_barricades.gsc
rawfile,scripts/players/_classes.gsc
rawfile,scripts/players/_damagefeedback.gsc
rawfile,scripts/players/_infection.gsc
rawfile,scripts/players/_menus.gsc
rawfile,scripts/players/_persistence.gsc
rawfile,scripts/players/_playermodels.gsc
rawfile,scripts/players/_players.gsc
rawfile,scripts/players/_rank.gsc
rawfile,scripts/players/_shop.gsc
rawfile,scripts/players/_spree.gsc
rawfile,scripts/players/_teleporter.gsc
rawfile,scripts/players/_turrets.gsc
rawfile,scripts/players/_usables.gsc
rawfile,scripts/players/_weapons.gsc
rawfile,scripts/server/_admincommands.gsc
rawfile,scripts/server/_admininterface.gsc
rawfile,scripts/server/_environment.gsc
rawfile,scripts/server/_main_popup.gsc
rawfile,scripts/server/_maprotation.gsc
rawfile,scripts/server/_maps.gsc
rawfile,scripts/server/_mapvoting22.gsc
rawfile,scripts/server/_ranks.gsc
rawfile,scripts/server/_rconinterface.gsc
rawfile,scripts/server/_scoreboard.gsc
rawfile,scripts/server/_server.gsc
rawfile,scripts/server/_settings.gsc
rawfile,scripts/server/_welcome.gsc
rawfile,shock/boss.shock
rawfile,shock/default_mp.shock
rawfile,shock/infection.shock
rawfile,shock/teleporter.shock
rawfile,shock/toxic_gas_mp.shock
rawfile,shock/zombiedamage.shock
rawfile,vision/boss.vision
rawfile,vision/icbm_launch.vision
rawfile,vision/inferno.vision
rawfile,vision/rotu.vision
rawfile,vision/thunder.vision
